id,time,ipa,category,gloss,frequency
mean,-2000,ňąk ≤ommojnis,adj,mean,821275
mean,200,…£…Ďňąm…Ďjniz,adj,,
mean,900,jeňąm√¶ňźne,adj,,
mean,final,ňąmiňźn,adj,,
any,-2000,ojnoňąkos,adj,any,767968
any,200,ňą…Ďjn…Ď…£…Ďz,adj,,
any,900,ňą√¶ňźnij,adj,,
any,final,ňą…õni,adj,,
two,-2000,ňądwoŌá,num,two,764564
two,200,ňątw…Ďj,num,,
two,900,ňątweňźjen,num,,
two,1400,ňątw√¶j,num,,
even,-2000,ňąŌáepi,noun,even,744544
even,200,ňą…õňźő≤…ĎnőłŐ†s,noun,,
even,900,ňą√¶ňźfen,noun,,
even,1400,ňą…õňźv…ôn,noun,,
even,final,ňąiňźv…ôn,noun,,
other,-2000,ňąńßenteros,adj,other,577197
other,200,ňą…ĎnőłŐ†er…Ďz,adj,,
other,900,ňąoňźőłŐ†er,adj,,
other,1400,ňąu√įŐ†…ôr,adj,,
other,final,ňą Ć√į…ô,adj,,
last,-2000,ňąlojstos,noun,last,527395
last,200,ňąl…Ďjst…Ďz,noun,,
last,900,ňąl…Ďňźst,noun,,
last,final,ňąl…Ďňźst,noun,,
new,-2000,ňąnewjos,adj,new,508486
new,200,ňąniwj…Ďz,adj,,
new,900,ňąniyňźwe,adj,,
new,1400,ňąniw,adj,,
new,final,ňąnjuňź,adj,,
long,-2000,ňądlong Īos,adj,long,496267
long,200,ňąl…ĎŇčg…Ďz,adj,,
long,900,ňąl…Ďng,adj,,
long,1400,ňąl…Ēňźng,adj,,
long,final,ňąl…íŇč,adj,,
old,-2000,ńßelňątos,adj,old,431911
old,200,ňą…Ďld…Ďz,adj,,
old,900,ňą√¶…Ďld,adj,,
old,1400,ňą…Ēňźld,adj,,
old,final,ňą…ô äld,adj,,
kind,-2000,ňąg ≤enŌátis,noun,kind,392242
kind,200,ňąkinőłŐ†iz,noun,,
kind,900,ňąkynd,noun,,
kind,1400,ňąkiňźnd,noun,,
kind,final,ňąka…™nd,noun,,
might,-2000,ňąmog Ītis,noun,might,367145
might,200,ňąm…Ďxtiz,noun,,
might,900,ňąmixt,noun,,
might,1400,ňąmixt,noun,,
might,final,ňąma…™t,noun,,
three,-2000,ňątrejes,num,three,366626
three,200,ňąőłŐ†riňźz,num,,
three,900,ňąőłŐ†riňź,num,,
three,1400,ňąőłŐ†reňź,num,,
three,final,ňąőł…Ļiňź,num,,
son,-2000,suňąŌánus,noun,son,325997
son,200,ňąsunuz,noun,,
son,900,ňąsunu,noun,,
son,1400,ňąsun,noun,,
son,final,ňąs Ćn,noun,,
mind,-2000,mnŐ©ňątis,noun,mind,312927
mind,200,ňąmundiz,noun,,
mind,1400,ňąmuňźnd,noun,,
mind,final,ňąma…™nd,noun,,
saw,-2000,soňąkeńß,noun,saw,297985
saw,200,ňąs…Ď…£…Ēňź,noun,,
saw,900,ňąs…Ďgu,noun,,
saw,1400,ňąsaw,noun,,
saw,final,ňąs…Ēňź,noun,,
ready,-2000,ńßrojňąd Īos,adj,ready,267268
ready,200,ňąr…Ďj√įŐ†az,adj,,
ready,900,ňąr√¶ňźde,adj,,
ready,final,ňą…Ļ…õdi,adj,,
hold,-2000,k ≤lŐ©ňątos,adj,hold,262367
hold,200,ňąxulőłŐ†…Ďz,adj,,
hold,900,ňąxold,adj,,
hold,final,ňąh…ô äld,adj,,
brother,-2000,ňąb Īreńßteňźr,noun,brother,259877
brother,200,ňąbr…ĒňźőłŐ†…õňźr,noun,,
brother,900,ňąbroňźőłŐ†or,noun,,
brother,1400,ňąbroňź√įŐ†…ôr,noun,,
brother,final,ňąb…Ļ Ć√į…ô,noun,,
haven,-2000,ňąkńßponeńß,noun,haven,258463
haven,200,ňąx…Ďő≤…Ďn…Ēňź,noun,,
haven,900,ňąx√¶fen,noun,,
haven,1400,ňąhaňźv…ôn,noun,,
haven,final,ňąhe…™v…ôn,noun,,
whole,-2000,ňąkeńßilos,adj,whole,257109
whole,200,ňąx…Ďjl…Ďz,adj,,
whole,900,ňąx…Ďňźl,adj,,
whole,final,ňąh…ô äl,adj,,
hard,-2000,korňątus,adj,hard,242871
hard,200,ňąx…Ďrduz,adj,,
hard,900,ňąx√¶…Ďrd,adj,,
hard,1400,ňąhard,adj,,
hard,final,ňąh…Ďňźd,adj,,
end,-2000,ńßenňątios,noun,end,237387
end,200,ňą…Ďndij…Ďz,noun,,
end,900,ňąende,noun,,
end,1400,ňąeňźnd,noun,,
end,final,ňą…õnd,noun,,
heart,-2000,ňąk ≤erdoňź,noun,heart,213914
heart,200,ňąxert…Ēňźňź,noun,,
heart,900,ňąxeorte,noun,,
heart,1400,ňąh…õrt,noun,,
heart,final,ňąh…Ďňźt,noun,,
young,-2000,ńßjuŌánŐ©ňąk ≤os,adj,young,194810
young,200,ňąjuŇčg…Ďz,adj,,
young,900,ňąjung,adj,,
young,1400,ňąjung,adj,,
young,final,ňąj ĆŇč,adj,,
death,-2000,ňąd Īowtus,noun,death,189000
death,200,ňąd…ĎwőłŐ†uz,noun,,
death,900,ňąd√¶…ĎňźőłŐ†,noun,,
death,1400,ňąd…õňźőłŐ†,noun,,
death,final,ňąd…õőł,noun,,
five,-2000,ňąpenk ∑e,num,five,183626
five,200,ňą…łim…ł,num,,
five,900,ňąfiňźf,num,,
five,1400,ňąfiňźf,num,,
five,final,ňąfa…™ŐĮv,num,,
four,-2000,k ∑eňątwores,num,four,166957
four,200,ňą…łe√įŐ†w…Ēňźr,num,,
four,900,ňąfeoňźwer,num,,
four,1400,ňąf…Ēwr,num,,
four,final,ňąf…Ēňź,num,,
word,-2000,ňąwerd Īom,noun,word,164938
word,200,ňąwurd…ĎŐÉ,noun,,
word,900,ňąword,noun,,
word,1400,ňąwurd,noun,,
word,final,ňąw…úňźd,noun,,
daughter,-2000,d Īugńßňąteňźr,noun,daughter,163071
daughter,200,ňąduxt…õňźr,noun,,
daughter,900,ňądoxtor,noun,,
daughter,1400,ňąd…Ēxt…ôr,noun,,
daughter,final,ňąd…Ēňźt…ô,noun,,
fire,-2000,pńßuňąoňźr,noun,fire,157532
fire,200,ňą…ł…Ēňźr,noun,,
fire,900,ňąfyňźr,noun,,
fire,1400,ňąfiňźr,noun,,
fire,final,ňąfa…™…ô,noun,,
sister,-2000,ňąswesteňźr,noun,sister,154095
sister,200,ňąswest…õňźr,noun,,
sister,900,ňąsweostor,noun,,
sister,1400,ňąsust…ôr,noun,,
free,-2000,priňąŌáos,adj,free,137598
free,200,ňą…łrij…Ďz,adj,,
free,900,ňąfreoňź,adj,,
free,1400,ňąfr√łňź,adj,,
free,final,ňąf…Ļiňź,adj,,
bed,-2000,b Īoňąd Īńßjom,noun,bed,131445
bed,200,ňąb…Ď√įŐ†j…ĎŐÉ,noun,,
bed,900,ňąbedd,noun,,
bed,1400,ňąb…õd,noun,,
bed,final,ňąb…õd,noun,,
full,-2000,plŐ©ňąŌános,adj,full,129735
full,200,ňą…łull…Ďz,adj,,
full,900,ňąfull,adj,,
full,1400,ňąfoňźl,adj,,
full,final,ňąf äl,adj,,
light,-2000,ňąlewktom,noun,light,126657
light,200,ňąlewxt…ĎŐÉ,noun,,
light,900,ňąleoňźxt,noun,,
light,1400,ňąlixt,noun,,
light,final,ňąla…™t,noun,,
six,-2000,ňąsek ≤s,num,six,124087
six,200,ňąsexs,num,,
six,900,ňąsiks,num,,
six,1400,ňąsiks,num,,
six,final,ňąs…™ks,num,,
white,-2000,ňąk ≤wejtoňźr,adj,white,112881
white,200,ňąx ∑iňźt…Ďz,adj,,
white,900,ňąxwiňźt,adj,,
white,1400,ňąhwiňźt,adj,,
white,final,ňąwa…™t,adj,,
ten,-2000,ňądek ≤mŐ©,num,ten,100133
ten,200,ňątexun,num,,
ten,900,ňątiyňźn,num,,
ten,1400,ňąt…õn,num,,
ten,final,ňąt…õn,num,,
cold,-2000,golňątos,adj,cold,99032
cold,200,ňąk…Ďld…Ďz,adj,,
cold,900,ňątÕ° É√¶…Ďld,adj,,
cold,1400,ňąk…Ēňźld,adj,,
cold,final,ňąk…ô äld,adj,,
dream,-2000,ňąd Īrowg Īmos,noun,dream,95089
dream,200,ňądr…Ďwm…Ďz,noun,,
dream,900,ňądr√¶…Ďňźm,noun,,
dream,1400,ňądr…õňźm,noun,,
dream,final,ňąd…Ļiňźm,noun,,
sweet,-2000,ňąsweńßdus,adj,sweet,94057
sweet,200,ňąsw…Ēňźtuz,adj,,
sweet,900,ňąsweňźte,adj,,
sweet,1400,ňąsweňźt,adj,,
sweet,final,ňąswiňźt,adj,,
quick,-2000,g ∑iňą Ā ∑wos,adj,quick,81548
quick,200,ňąk ∑ik ∑…Ďz,adj,,
quick,900,ňąkwik,adj,,
quick,1400,ňąkwik,adj,,
quick,final,ňąkw…™k,adj,,
seven,-2000,sepňątmŐ©,num,seven,70968
seven,200,ňąseő≤un,num,,
seven,900,ňąseofon,num,,
seven,1400,ňąs…õv…ôn,num,,
seven,final,ňąs…õv…ôn,num,,
floor,-2000,ňąpleńßros,noun,floor,66456
floor,200,ňą…łl…Ēňźr…Ďz,noun,,
floor,900,ňąfloňźr,noun,,
floor,1400,ňąfloňźr,noun,,
floor,final,ňąfl…Ēňź,noun,,
boat,-2000,ňąb Īojdos,noun,boat,62148
boat,200,ňąb…Ďjt…Ďz,noun,,
boat,900,ňąb…Ďňźt,noun,,
boat,1400,ňąb…Ēňźt,noun,,
boat,final,ňąb…ô äŐĮt,noun,,
fish,-2000,ňąpiskos,noun,fish,61813
fish,200,ňą…łisk…Ďz,noun,,
fish,900,ňąfi É,noun,,
fish,1400,ňąfi É,noun,,
fish,final,ňąf…™ É,noun,,
eight,-2000,ok ≤ňątoňźw,num,eight,61400
eight,200,ňą…Ďxt…Ēňźw,num,,
eight,900,ňą√¶…Ďxt…Ď,num,,
eight,1400,ňą√¶jxt,num,,
eight,final,ňąe…™t,num,,
star,-2000,ńßsterňąnoňźn,noun,star,60903
star,200,ňąstern…ĒŐÉňź,noun,,
star,900,ňąsteorr…Ď,noun,,
star,1400,ňąst…õr,noun,,
share,-2000,skoňąreńß,noun,share,56854
share,200,ňąsk…Ďr…Ēňź,noun,,
share,900,ňą É…Ďru,noun,,
share,1400,ňą Éaňźr,noun,,
share,final,ňą É…õ…ô,noun,,
evil,-2000,ńßuňąpelos,adj,evil,52175
evil,200,ňąuő≤il…Ďz,adj,,
evil,900,ňąyfel,adj,,
evil,1400,ňąiv…ôl,adj,,
evil,final,ňąiňźv…ôl,adj,,
south,-2000,ňąsńßunteros,adj,south,50364
south,200,ňąsunőłŐ†r…Ďz,adj,,
south,900,ňąsuňźőłŐ†,adj,,
south,1400,ňąsuňźőłŐ†,adj,,
south,final,ňąsa äŐĮőł,adj,,
beer,-2000,b Īewňąsom,noun,beer,48641
beer,200,ňąbewz…ĎŐÉ,noun,,
beer,900,ňąbeoňźr,noun,,
beer,1400,ňąbeňźr,noun,,
beer,final,ňąb…™…ôŐĮ,noun,,
wind,-2000,ňąńßweŌánŐ©ts,noun,wind,48063
wind,200,ňąwind…Ďz,noun,,
wind,900,ňąwind,noun,,
wind,1400,ňąwiňźnd,noun,,
wind,final,ňąw…™nd,noun,,
foot,-2000,ňąpoňźds,noun,foot,44588
foot,200,ňą…ł…Ēňźts,noun,,
foot,900,ňąfoňźt,noun,,
foot,1400,ňąfoňźt,noun,,
nine,-2000,ňąŌánewnŐ©,num,nine,42538
nine,200,ňąnewun,num,,
nine,900,ňąnigon,num,,
nine,1400,ňąniňźn,num,,
nine,final,ňąna…™n,num,,
arm,-2000,ňąńßermos,noun,arm,41726
arm,200,ňą…Ďrm…Ďz,noun,,
arm,900,ňą√¶…Ďrm,noun,,
arm,1400,ňąarm,noun,,
arm,final,ňą…Ďňźm,noun,,
cost,-2000,ňąg ≤ustus,noun,cost,39485
cost,200,ňąkustuz,noun,,
cost,900,ňąkost,noun,,
cost,final,ňąk…íst,noun,,
warm,-2000,ňąg ∑ Īormos,adj,warm,38355
warm,200,ňąw…Ďrm…Ďz,adj,,
warm,900,ňąw√¶…Ďrm,adj,,
warm,1400,ňąwarm,adj,,
warm,final,ňąw…Ēňźm,adj,,
bottle,-2000,ňąb Īońßutlom,noun,bottle,38229
bottle,200,ňąb…ĒňźőłŐ†l…ĎŐÉ,noun,,
bottle,900,ňąbotl,noun,,
bottle,final,ňąb…ítlŐ©,noun,,
lay,-2000,loňąkus,noun,lay,36984
lay,200,ňąl…Ď…£uz,noun,,
lay,900,ňąl…Ďgu,noun,,
lay,1400,ňąla…£…ô,noun,,
lay,final,ňąle…™,noun,,
ghost,-2000,ňąg ≤ Īejsdos,noun,ghost,35051
ghost,200,ňą…£…Ďjst…Ďz,noun,,
ghost,900,ňąg…Ďňźst,noun,,
ghost,1400,ňąg…Ēňźst,noun,,
ghost,final,ňąg…ô äst,noun,,
loud,-2000,k ≤luňątos,adj,loud,32757
loud,200,ňąxluňź√įŐ†…Ďz,adj,,
loud,900,ňąxluňźd,adj,,
loud,1400,ňąluňźd,adj,,
loud,final,ňąla äŐĮd,adj,,
finger,-2000,penňąk ∑ros,noun,finger,26967
finger,200,ňą…łiŇčgr…Ďz,noun,,
finger,900,ňąfinger,noun,,
finger,1400,ňąfing…ôr,noun,,
finger,final,ňąf…™Ňčg…ôňź,noun,,
weather,-2000,ňąwed Īrom,noun,weather,26740
weather,200,ňąwe√įŐ†r…ĎŐÉ,noun,,
weather,900,ňąweder,noun,,
weather,1400,ňąw…õd…ôr,noun,,
weather,final,ňąw…õ√į…ô,noun,,
harm,-2000,ňąpk ≤ormos,noun,harm,26574
harm,200,ňąx…Ďrm…Ďz,noun,,
harm,900,ňąx√¶…Ďrm,noun,,
harm,final,ňąh…Ďňźm,noun,,
winter,-2000,ňąńßweŌánŐ©tos,noun,winter,24005
winter,200,ňąwintruz,noun,,
winter,900,ňąwinter,noun,,
winter,1400,ňąwint…ôr,noun,,
winter,final,ňąw…™nt…ô,noun,,
horn,-2000,k ≤rŐ©ňąńßnom,noun,horn,22716
horn,200,ňąxurn…ĎŐÉ,noun,,
horn,900,ňąxorn,noun,,
horn,1400,ňąh…Ērn,noun,,
horn,final,ňąh…Ēňźn,noun,,
whore,-2000,ňąk ≤eńßroňźn,noun,whore,20444
whore,200,ňąx…Ēňźr…ĒŐÉňź,noun,,
whore,900,ňąxoňźre,noun,,
whore,1400,ňąhoňźr,noun,,
whore,final,ňąh…Ēňź,noun,,
ear,-2000,ňąńßek ≤os,noun,ear,19950
ear,200,ňą…Ďx…Ďz,noun,,
ear,900,ňą√¶…Ďňźr,noun,,
ear,1400,ňą…õňźr,noun,,
ear,final,ňą…™…ôŐĮ,noun,,
dust,-2000,d Īusňątos,noun,dust,18820
dust,900,ňąduňźst,noun,,
dust,1400,ňądust,noun,,
dust,final,ňąd Ćst,noun,,
wolf,-2000,ňąwlŐ©k ∑os,noun,wolf,18566
wolf,200,ňąwul…ł…Ďz,noun,,
wolf,900,ňąwulf,noun,,
wolf,1400,ňąwulf,noun,,
wolf,final,ňąw älf,noun,,
cow,-2000,ňąg ∑oňźws,noun,cow,18392
cow,200,ňąk…Ēňźz,noun,,
cow,900,ňąkuňź,noun,,
cow,1400,ňąkuňź,noun,,
cow,final,ňąka ä,noun,,
fourth,-2000,k ∑etwrŐ©ňątoňź,adj,fourth,18301
fourth,200,ňą…łe√įŐ†urőłŐ†…Ēňźňź,adj,,
fourth,900,ňąfeoňźrőłŐ†…Ď,adj,,
fourth,1400,ňąfeňźr√įŐ†,adj,,
fourth,final,ňąf…Ēňźőł,adj,,
wheel,-2000,ňąk ∑ek ∑lom,noun,wheel,17795
wheel,200,ňąx ∑ex ∑l…ĎŐÉ,noun,,
wheel,900,ňąxweoňźl,noun,,
wheel,1400,ňąhweňźl,noun,,
wheel,final,ňąwiňźl,noun,,
youth,-2000,ńßjuŌánŐ©ňątis,noun,youth,17703
youth,200,ňąju…£unőłŐ†iz,noun,,
youth,900,ňąjuguőłŐ†,noun,,
youth,1400,ňąjuňź√įŐ†,noun,,
youth,final,ňąjuňźőł,noun,,
wire,-2000,ňąweŌáiros,noun,wire,16416
wire,200,ňąwiňźr…Ďz,noun,,
wire,900,ňąwiňźr,noun,,
wire,1400,ňąw…õňźr,noun,,
yard,-2000,ňąg Īord Īos,noun,yard,16138
yard,200,ňą…£…Ďr√įŐ†…Ďz,noun,,
yard,900,ňąj√¶…Ďrd,noun,,
yard,1400,ňąj…õňźrd,noun,,
yard,final,ňąj…Ďňźd,noun,,
thin,-2000,tnŐ©ňąńßwus,adj,thin,15296
thin,200,ňąőłŐ†unnuz,adj,,
thin,900,ňąőłŐ†ynne,adj,,
thin,1400,ňąőłŐ†in,adj,,
thin,final,ňąőł…™n,adj,,
fifth,-2000,penk ∑ňątoňź,adj,fifth,13690
fifth,200,ňą…łim…łt…Ēňźňź,adj,,
fifth,900,ňąfiňźft…Ď,adj,,
fifth,1400,ňąfift,adj,,
fox,-2000,ňąpuk ≤sos,noun,fox,13409
fox,200,ňą…łuxs…Ďz,noun,,
fox,900,ňąfoks,noun,,
fox,1400,ňąf…Ēks,noun,,
fox,final,ňąf…íks,noun,,
buck,-2000,ňąb Īug ≤kos,noun,buck,12711
buck,200,ňąbukk…Ďz,noun,,
buck,900,ňąbukk,noun,,
buck,1400,ňąbuk,noun,,
buck,final,ňąb Ćk,noun,,
thick,-2000,ňątegus,adj,thick,12143
thick,200,ňąőłŐ†ekuz,adj,,
thick,900,ňąőłŐ†ikke,adj,,
thick,1400,ňąőłŐ†ik,adj,,
thick,final,ňąőł…™k,adj,,
ward,-2000,worňątos,noun,ward,11428
ward,200,ňąw…Ďr√įŐ†…Ďz,noun,,
ward,900,ňąw√¶…Ďrd,noun,,
ward,final,ňąw…Ēňźd,noun,,
shell,-2000,ňąskolŌájeńß,noun,shell,10381
shell,200,ňąsk…Ďlj…Ēňź,noun,,
shell,900,ňą Éiyll,noun,,
shell,final,ňą É…õl,noun,,
widow,-2000,Ōáwid Īeňąwoňźn,noun,widow,10080
widow,200,ňąwi√įŐ†uw…ĒŐÉňź,noun,,
widow,900,ňąwiduwe,noun,,
widow,final,ňąw…™d…ô ä,noun,,
knee,-2000,ňąg ≤newom,noun,knee,10000
knee,200,ňąknew…ĎŐÉ,noun,,
knee,900,ňąkneoňźw,noun,,
knee,1400,ňąkneňź,noun,,
corn,-2000,g ≤rŐ©ňąńßnom,noun,corn,9781
corn,200,ňąkurn…ĎŐÉ,noun,,
corn,900,ňąkorn,noun,,
corn,1400,ňąk…Ērn,noun,,
corn,final,ňąk…Ēňźn,noun,,
tale,-2000,dolňąŌáeńß,noun,tale,9672
tale,200,ňąt…Ďl…Ēňź,noun,,
tale,900,ňąt…Ďlu,noun,,
tale,1400,ňątaňźl,noun,,
tale,final,ňąteňźl,noun,,
tooth,-2000,ňą Ā ∑donts,noun,tooth,9408
tooth,200,ňąt…ĎnőłŐ†s,noun,,
tooth,900,ňątoňźőłŐ†,noun,,
tooth,1400,ňątoňźőłŐ†,noun,,
tooth,final,ňątuňźőł,noun,,
chin,-2000,ňąg ≤enwus,noun,chin,9359
chin,200,ňąkinnuz,noun,,
chin,900,ňątÕ° Éinn,noun,,
chin,1400,ňątÕ° Éin,noun,,
chin,final,ňątÕ° É…™n,noun,,
nest,-2000,nisňądom,noun,nest,8803
nest,200,ňąnist…ĎŐÉ,noun,,
nest,900,ňąnest,noun,,
nest,1400,ňąn…õst,noun,,
nest,final,ňąn…õst,noun,,
tool,-2000,ňądowńßd Īlom,noun,tool,8496
tool,200,ňąt…Ēňźl…ĎŐÉ,noun,,
tool,900,ňątoňźl,noun,,
tool,1400,ňątoňźl,noun,,
ford,-2000,prŐ©ňątus,noun,ford,8320
ford,200,ňą…łur√įŐ†uz,noun,,
ford,900,ňąford,noun,,
ford,final,ňąf…Ēňźd,noun,,
fee,-2000,ňąpek ≤u,noun,fee,8109
fee,200,ňą…łexu,noun,,
fee,900,ňąfeox,noun,,
fee,final,ňąfiňź,noun,,
broad,-2000,ňąb Īrojtos,adj,broad,7798
broad,200,ňąbr…Ďj√įŐ†…Ďz,adj,,
broad,900,ňąbr…Ďňźd,adj,,
broad,1400,ňąbr…Ēňźd,adj,,
broad,final,ňąb…Ļ…Ēňźd,adj,,
oath,-2000,ňąŌáojtos,noun,oath,7758
oath,200,ňą…ĎjőłŐ†…Ďz,noun,,
oath,900,ňą…ĎňźőłŐ†,noun,,
oath,1400,ňą…ĒňźőłŐ†,noun,,
oath,final,ňą…ô äőł,noun,,
sixth,-2000,ňąsek ≤toňź,adj,sixth,7566
sixth,200,ňąsext…Ēňźňź,adj,,
sixth,900,ňąsikst…Ď,adj,,
sixth,1400,ňąsikst,adj,,
sixth,final,ňąs…™ksőł,adj,,
mere,-2000,ňąmori,noun,mere,7287
mere,200,ňąm…Ďri,noun,,
mere,900,ňąmere,noun,,
mere,final,ňąm…™…ôŐĮ,noun,,
whale,-2000,ňąk ∑alos,noun,whale,7087
whale,200,ňąx ∑…Ďl…Ďz,noun,,
whale,900,ňąxw√¶l,noun,,
whale,1400,ňąhwal,noun,,
whale,final,ňąwe…™l,noun,,
goose,-2000,ňąg ≤ Īńßens,noun,goose,7019
goose,200,ňą…£…Ďns,noun,,
goose,900,ňągoňźs,noun,,
goose,1400,ňągoňźs,noun,,
goose,final,ňąguňźs,noun,,
deer-animal,-2000,d Īewňąsom,noun,deer-animal,6789
deer-animal,200,ňądewz…ĎŐÉ,noun,,
deer-animal,900,ňądeoňźr,noun,,
deer-animal,1400,ňądeňźr,noun,,
deer-animal,final,ňąd…™…ô,noun,,
deer-wild,-2000,d Īewňąsos,adj,deer-wild,6789
deer-wild,200,ňądewz…Ďz,adj,,
deer-wild,900,ňądeoňźr,adj,,
deer-wild,final,ňąd…™…ô,adj,,
bare,-2000,b Īoňąsos,adj,bare,6720
bare,200,ňąb…Ďz…Ďz,adj,,
bare,900,ňąb√¶r,adj,,
bare,1400,ňąbaňźr,adj,,
bare,final,ňąb…õ…ô,adj,,
stream,-2000,ňąsrowmos,noun,stream,6688
stream,200,ňąstr…Ďwm…Ďz,noun,,
stream,900,ňąstr√¶…Ďňźm,noun,,
stream,1400,ňąstr…õňźm,noun,,
stream,final,ňąst…Ļiňźm,noun,,
seed,-2000,ňąseŌátis,noun,seed,6336
seed,200,ňąs…õňź√įŐ†iz,noun,,
seed,900,ňąs√¶ňźd,noun,,
seed,1400,ňąseňźd,noun,,
seed,final,ňąsiňźd,noun,,
deed,-2000,d ĪeŌáňątis,noun,deed,6333
deed,200,ňąd…õňź√įŐ†iz,noun,,
deed,900,ňąd√¶ňźd,noun,,
deed,final,ňądiňźd,noun,,
flood,-2000,plo Ā ∑ňątus,noun,flood,6263
flood,200,ňą…łl…Ēňź√įŐ†uz,noun,,
flood,900,ňąfloňźd,noun,,
flood,1400,ňąfloňźd,noun,,
flood,final,ňąfl Ćd,noun,,
seventh,-2000,septmŐ©ňąmoňź,adj,seventh,5814
seventh,200,ňąseő≤un√įŐ†…Ēňźňź,adj,,
seventh,900,ňąseofoőłŐ†…Ď,adj,,
seventh,1400,ňąs…õv…ô√įŐ†,adj,,
seventh,final,ňąs…õvnőł,adj,,
stall,-2000,ňąstńßd Īlos,noun,stall,5456
stall,200,ňąst…Ďll…Ďz,noun,,
stall,900,ňąst√¶…Ďll,noun,,
stall,final,ňąst…Ēňźl,noun,,
oak,-2000,ňąńßejg ≤s,noun,oak,5200
oak,200,ňą…Ďjks,noun,,
oak,900,ňą…Ďňźk,noun,,
oak,1400,ňą…Ēňźk,noun,,
oak,final,ňą…ô äk,noun,,
thread,-2000,ňątreŌátus,noun,thread,4985
thread,200,ňąőłŐ†r…õňź√įŐ†uz,noun,,
thread,900,ňąőłŐ†r√¶ňźd,noun,,
thread,1400,ňąőłŐ†r…õňźd,noun,,
thread,final,ňąőł…Ļ…õd,noun,,
sour,-2000,ňąsuŌáros,adj,sour,4765
sour,200,ňąsuňźr…Ďz,adj,,
sour,900,ňąsuňźr,adj,,
sour,1400,ňąsuňźr,adj,,
sour,final,ňąsa ä…ô,adj,,
frost,-2000,prusňątos,noun,frost,4455
frost,200,ňą…łrust…Ďz,noun,,
frost,900,ňąforst,noun,,
frost,1400,ňąfr…Ēst,noun,,
frost,final,ňąf…Ļ…íst,noun,,
eighth,-2000,ok ≤toňąwoňź,adj,eighth,4350
eighth,200,ňą…Ďxtu√įŐ†…Ēňźňź,adj,,
eighth,900,ňą√¶…ĎxtoőłŐ†…Ď,adj,,
eighth,1400,ňą√¶jxt…ô√įŐ†,adj,,
eighth,final,ňąe…™tőł,adj,,
kin,-2000,g ≤nŐ©ňąŌájom,noun,kin,4336
kin,200,ňąkunj…ĎŐÉ,noun,,
kin,900,ňąkynn,noun,,
kin,1400,ňąkin,noun,,
kin,final,ňąk…™n,noun,,
lid,-2000,k ≤liňątom,noun,lid,4166
lid,900,ňąxlid,noun,,
lid,1400,ňąlid,noun,,
lid,final,ňąl…™d,noun,,
doom,-2000,ňąd ĪoŌámos,noun,doom,3937
doom,200,ňąd…Ēňźm…Ďz,noun,,
doom,900,ňądoňźm,noun,,
doom,1400,ňądoňźm,noun,,
doom,final,ňąduňźm,noun,,
steer,-2000,ňątawros,noun,steer,3892
steer,200,ňąstewr…Ďz,noun,,
steer,900,ňąsteoňźr,noun,,
steer,1400,ňąsteňźr,noun,,
steer,final,ňąst…™…ô,noun,,
comb,-2000,ňąg ≤omb Īos,noun,comb,3715
comb,200,ňąk…Ďmb…Ďz,noun,,
comb,900,ňąk…Ďmb,noun,,
comb,1400,ňąk…Ēňźm,noun,,
comb,final,ňąk…ô äm,noun,,
beck,-2000,ňąb Īogis,noun,beck,3601
beck,200,ňąb…Ďkiz,noun,,
beck,900,ňąb√¶k,noun,,
beck,final,ňąb…õk,noun,,
ninth,-2000,ŌánewnŐ©ňątoňź,adj,ninth,3578
ninth,200,ňąnewund…Ēňźňź,adj,,
ninth,1400,ňąni…ô√įŐ†,adj,,
ninth,final,ňąna…™nőł,adj,,
slack,-2000,ňąslogos,adj,slack,3515
slack,200,ňąsl…Ďk…Ďz,adj,,
slack,900,ňąsl√¶k,adj,,
slack,final,ňąsl√¶k,adj,,
fax,-2000,ňąpok ≤som,noun,fax,3471
fax,200,ňą…ł…Ďxs…ĎŐÉ,noun,,
fax,900,ňąf√¶…Ďks,noun,,
fax,1400,ňąfaks,noun,,
fax,final,ňąf√¶ks,noun,,
foam,-2000,ňąpoŌájmos,noun,foam,3315
foam,200,ňą…ł…Ďjm…Ďz,noun,,
foam,900,ňąf…Ďňźm,noun,,
foam,1400,ňąf…Ēňźm,noun,,
foam,final,ňąf…ô äŐĮm,noun,,
rib,-2000,ňąŌáreb Ījom,noun,rib,3294
rib,200,ňąriő≤j…ĎŐÉ,noun,,
rib,900,ňąribb,noun,,
rib,final,ňą…Ļ…™b,noun,,
ox,-2000,uňąksoňź,noun,ox,3217
ox,200,ňąuxs…Ēňźňź,noun,,
ox,900,ňąoks…Ď,noun,,
ox,1400,ňą…Ēks,noun,,
ox,final,ňą…íks,noun,,
wool,-2000,ńßwlŐ©ňąŌáneńß,noun,wool,3091
wool,200,ňąwull…Ēňź,noun,,
wool,900,ňąwull,noun,,
wool,1400,ňąwul,noun,,
wool,final,ňąw äl,noun,,
beaver,-2000,ňąb Īeb Īrus,noun,beaver,2862
beaver,200,ňąbeő≤ruz,noun,,
beaver,900,ňąbefer,noun,,
beaver,1400,ňąb…õňźv…ôr,noun,,
beaver,final,ňąbiňźv…ô,noun,,
reef,-2000,ňąkrewpos,adj,reef,2778
reef,200,ňąxrewő≤…Ďz,adj,,
reef,900,ňąxreoňźf,adj,,
reef,final,ňą…Ļiňźf,adj,,
stool,-2000,ňąstońßlos,noun,stool,2756
stool,200,ňąst…Ēňźl…Ďz,noun,,
stool,900,ňąstoňźl,noun,,
stool,final,ňąstuňźl,noun,,
hazel,-2000,ňąkoslos,noun,hazel,2638
hazel,200,ňąx…Ďsl…Ďz,noun,,
hazel,900,ňąx√¶sl,noun,,
hazel,1400,ňąhaňźz…ôl,noun,,
hazel,final,ňąhe…™z…ôl,noun,,
thorn,-2000,trŐ©ňąnos,noun,thorn,2338
thorn,200,ňąőłŐ†urn…Ďz,noun,,
thorn,900,ňąőłŐ†orn,noun,,
thorn,1400,ňąőłŐ†…Ērn,noun,,
thorn,final,ňąőł…Ēňźn,noun,,
mid,-2000,ňąmed Ījos,adj,mid,2031
mid,200,ňąmi√įŐ†j…Ďz,adj,,
mid,900,ňąmidd,adj,,
mid,final,ňąm…™d,adj,,
marrow,-2000,mosňąg Īom,noun,marrow,2009
marrow,200,ňąm…Ďz…£…ĎŐÉ,noun,,
marrow,900,ňąm√¶…Ďrx,noun,,
marrow,1400,ňąmar…Ēw,noun,,
marrow,final,ňąm√¶…Ļ…ô ä,noun,,
timber,-2000,ňądemros,noun,timber,1858
timber,200,ňątimr…ĎŐÉ,noun,,
timber,900,ňątimber,noun,,
timber,final,ňąt…™mb…ô,noun,,
dew,-2000,ňąd Īowńßom,noun,dew,1834
dew,200,ňąd…Ďww…ĎŐÉ,noun,,
dew,900,ňąd√¶…Ďňźw,noun,,
dew,1400,ňąd…õw,noun,,
dew,final,ňądÕ° íuňź,noun,,
helm-helmet,-2000,ňąk ≤elmos,noun,helm-helmet,1778
helm-helmet,200,ňąxelm…Ďz,noun,,
helm-helmet,900,ňąxelm,noun,,
helm-helmet,1400,ňąh…õlm,noun,,
helm-helmet,final,ňąh…õlm,noun,,
helm-handle,-2000,ňąk ≤elmoňź,noun,helm-handle,1778
helm-handle,900,ňąxelm…Ď,noun,,
helm-handle,1400,ňąhalm,noun,,
helm-handle,final,ňąh…õlm,noun,,
hedge,-2000,kaňąg Ījeńß,noun,hedge,1777
hedge,200,ňąx…Ď…£j…Ēňź,noun,,
hedge,900,ňąxejj,noun,,
hedge,1400,ňąh…õdÕ° í,noun,,
hedge,final,ňąh…õdÕ° í,noun,,
rye,-2000,ňąwrug Īis,noun,rye,1682
rye,200,ňąru…£iz,noun,,
rye,900,ňąryje,noun,,
rye,1400,ňąriňź,noun,,
rye,final,ňą…Ļa…™,noun,,
seventy,-2000,sepňątmŐ©dk ≤omt,num,seventy,1653
seventy,200,ňąseő≤unt…õňźňĆxund…ĎŐÉ,num,,
seventy,900,xundňąseofontij,num,,
seventy,1400,ňąs…õv…ôntiňź,num,,
seventy,final,ňąs…õv…ônti,num,,
broth,-2000,ňąb Īrutom,noun,broth,1462
broth,200,ňąbruőłŐ†…ĎŐÉ,noun,,
broth,900,ňąbroőłŐ†,noun,,
broth,1400,ňąbr…ĒőłŐ†,noun,,
broth,final,ňąb…Ļ…íőł,noun,,
ey,-2000,ňąńßeg Īos,noun,ey,1258
ey,200,ňą…Ď…£…Ďz,noun,,
ey,900,ňąeje,noun,,
ey,1400,ňąeňź…£…ô,noun,,
ey,final,ňąe…™,noun,,
acre,-2000,ňąńßeg ≤ros,noun,acre,1142
acre,200,ňą…Ďkr…Ďz,noun,,
acre,900,ňą√¶ker,noun,,
acre,1400,ňąaňźk…ôr,noun,,
acre,final,ňąe…™k…ô,noun,,
elk,-2000,ňąŌáelk ≤os,noun,elk,1116
elk,200,ňąelx…Ďz,noun,,
elk,900,ňąeolx,noun,,
elk,1400,ňą…õlk,noun,,
elk,final,ňą…õlk,noun,,
hoof,-2000,ňąk ≤ońßpos,noun,hoof,1039
hoof,200,ňąx…Ēňź…ł…Ďz,noun,,
hoof,900,ňąxoňźf,noun,,
hoof,1400,ňąhuňźv,noun,,
bumblebee,-2000,ňąkmŐ©Ōáelos,noun,bumblebee,1023
bumblebee,final,ňąb Ćmb…ôlňĆbiňź,noun,,
trough,-2000,druňąkos,noun,trough,1011
trough,900,ňątrog,noun,,
trough,1400,ňątr…Ēx,noun,,
trough,final,ňąt…Ļ…íf,noun,,
dole,-2000,ňąd Īajlom,noun,dole,1006
dole,200,ňąd…Ďjl…ĎŐÉ,noun,,
dole,900,ňąd…Ďňźl,noun,,
dole,1400,ňąd…Ēňźl,noun,,
dole,final,ňąd…ô äl,noun,,
mead,-2000,ňąmed Īus,noun,mead,967
mead,200,ňąme√įŐ†uz,noun,,
mead,900,ňąmedu,noun,,
mead,1400,ňąm…õňźd,noun,,
mead,final,ňąmiňźd,noun,,
bane,-2000,ňąg ∑ Īonoňź,noun,bane,961
bane,200,ňąb…Ďn…Ēňźňź,noun,,
bane,900,ňąb…Ďn…Ď,noun,,
bane,1400,ňąbaňźn,noun,,
bane,final,ňąbe…™n,noun,,
ell,-2000,Ōáeňą Ā ∑leneńß,noun,ell,913
ell,200,ňą…Ďlin…Ēňź,noun,,
ell,900,ňąeln,noun,,
ell,1400,ňą…õln,noun,,
ell,final,ňą…õl,noun,,
otter,-2000,uňądros,noun,otter,903
otter,200,ňąutr…Ďz,noun,,
otter,900,ňąotr,noun,,
otter,1400,ňą…Ēt…ôr,noun,,
otter,final,ňą…ít…ô,noun,,
stork,-2000,ňąsrŐ©g ≤os,noun,stork,894
stork,900,ňąstork,noun,,
stork,1400,ňąst…Ērk,noun,,
stork,final,ňąst…Ēňźk,noun,,
roo,-2000,ňąŌároŌáweńß,noun,roo,765
roo,200,ňąr…Ēňź…Ēňź,noun,,
roo,900,ňąroňźw,noun,,
roo,1400,ňąr…Ēňź,noun,,
midge,-2000,muňąŌáińß,noun,midge,710
midge,200,ňąmu…£j…Ēňź,noun,,
midge,900,ňąmyjj,noun,,
midge,1400,ňąmid í,noun,,
midge,final,ňąm…™dÕ° í,noun,,
farrow,-2000,ňąpork ≤os,noun,farrow,667
farrow,200,ňą…ł…Ďrx…Ďz,noun,,
farrow,900,ňąf√¶…Ďrx,noun,,
farrow,final,ňąf√¶…Ļ…ô ä,noun,,
stead,-2000,ňąstńßtis,noun,stead,643
stead,200,ňąst…Ď√įŐ†iz,noun,,
stead,900,ňąstede,noun,,
stead,1400,ňąst…õňźd,noun,,
stead,final,ňąst…õd,noun,,
yoke,-2000,juňągom,noun,yoke,585
yoke,200,ňąjuk…ĎŐÉ,noun,,
yoke,900,ňąjok,noun,,
yoke,1400,ňąj…Ēk,noun,,
yoke,final,ňąj…ô äk,noun,,
ware,-2000,woňąros,adj,ware,585
ware,200,ňąw…Ďr…Ďz,adj,,
ware,900,ňąw√¶r,adj,,
ware,final,ňąw…õ…ô,adj,,
salve,-2000,solňąpeńß,noun,salve,510
salve,200,ňąs…Ďlő≤…Ēňź,noun,,
salve,900,ňąs√¶…Ďlf,noun,,
salve,1400,ňąsalv,noun,,
shale,-2000,ňąskolŌáeńß,noun,shale,444
shale,200,ňąsk…Ďl…Ēňź,noun,,
shale,900,ňą É√¶…Ďlu,noun,,
shale,final,ňą Ée…™l,noun,,
sunder,-2000,ňąsnŐ©Ōátros,adj,sunder,386
sunder,200,ňąsundr…Ďz,adj,,
sunder,900,ňąsundor,adj,,
ebb,-2000,ńßeňąpjoňźn,noun,ebb,374
ebb,200,ňą…Ďő≤j…ĒŐÉňź,noun,,
ebb,900,ňąebb…Ď,noun,,
ebb,1400,ňą…õb,noun,,
ebb,final,ňą…õb,noun,,
bough,-2000,b Īeńßňąg ≤ Īus,noun,bough,356
bough,200,ňąb…Ēňź…£uz,noun,,
bough,900,ňąboňźg,noun,,
bough,final,ňąba äŐĮ,noun,,
lather,-2000,ňąlow Ā ∑trom,noun,lather,346
lather,200,ňąl…ĎwőłŐ†r…ĎŐÉ,noun,,
lather,900,ňąl√¶…ĎňźőłŐ†or,noun,,
lather,final,ňąl…Ďňź√į…ô,noun,,
wort,-2000,ňąwreńßds,noun,wort,247
wort,200,ňąwr…Ēňźts,noun,,
wort,900,ňąwyrt,noun,,
wort,1400,ňąwirt,noun,,
wort,final,ňąw…úňźt,noun,,
fallow,-2000,polňąŌáwos,adj,fallow,235
fallow,200,ňą…ł…Ďlw…Ďz,adj,,
fallow,900,ňąf√¶…Ďlu,adj,,
neve,-2000,ňąnepoňź,noun,neve,233
neve,200,ňąne…ł…Ēňźňź,noun,,
neve,900,ňąnef…Ď,noun,,
neve,1400,ňąn…õňźv,noun,,
neve,final,ňąniňźv,noun,,
ream,-2000,ňąrewg ĪmnŐ©,noun,ream,203
ream,200,ňąr…Ďwm…Ďz,noun,,
ream,900,ňąr√¶…Ďňźm,noun,,
ream,1400,ňąr…õňźm,noun,,
ream,final,ňą…Ļiňźm,noun,,
dere,-2000,ňąd Īor Ā ∑eńß,noun,dere,199
dere,200,ňąd…Ďr…Ēňź,noun,,
dere,900,ňąd…Ďru,noun,,
dere,1400,ňądeňźr,noun,,
dere,final,ňąd…™…ô,noun,,
bequest,-2000,ňąg ∑ettis,noun,bequest,189
bequest,200,ňąk ∑issiz,noun,,
bequest,1400,ňąkwist,noun,,
bequest,final,b…™ňąkw…õst,noun,,
loath,-2000,ňąńßlejtos,adj,loath,169
loath,200,ňąl…ĎjőłŐ†…Ďz,adj,,
loath,900,ňąl…ĎňźőłŐ†,adj,,
loath,1400,ňąl…ĒňźőłŐ†,adj,,
loath,final,ňąl…ô äőł,adj,,
gome,-2000,g ≤ ĪmŐ©ňąoňź,noun,gome,1
gome,200,ňą…£um…Ēňźňź,noun,,
gome,900,ňągum…Ď,noun,,
gome,1400,ňągoňźm,noun,,
gome,final,ňąg Ćm,noun,,
lede,-2000,ňąŌálewd Īis,noun,lede,1
lede,200,ňąliw√įŐ†iz,noun,,
lede,900,ňąleoňźd,noun,,
lede,1400,ňąleňźd,noun,,
lede,final,ňąliňźd,noun,,
theed,-2000,tewňąteńß,noun,theed,1
theed,200,ňąőłŐ†ew√įŐ†…Ēňź,noun,,
theed,900,ňąőłŐ†eoňźd,noun,,
theed,1400,ňąőłŐ†√łňźd,noun,,
theed,final,ňąőłiňźd,noun,,
wath,-2000,ňąwad Īom,noun,wath,1
wath,200,ňąw…Ď√įŐ†…ĎŐÉ,noun,,
wath,900,ňąw√¶ňźd,noun,,
wath,1400,ňąwaőłŐ†,noun,,
wath,final,ňąw√¶őł,noun,,
sweven,-2000,ňąswepnos,noun,sweven,1
sweven,200,ňąswe…łn…Ďz,noun,,
sweven,900,ňąswefn,noun,,
sweven,1400,ňąsw…õv…ôn,noun,,
sweven,final,ňąsw…õv…ôn,noun,,
quean,-2000,g ∑eňąnoňźn,noun,quean,1
quean,200,ňąk ∑en…ĒŐÉňź,noun,,
quean,900,ňąkwene,noun,,
quean,1400,ňąkweňźn,noun,,
quean,final,ňąkwiňźn,noun,,
meed,-2000,misňąd Īeńß,noun,meed,1
meed,200,ňąmizd…Ēňź,noun,,
meed,900,ňąmeňźd,noun,,
meed,1400,ňąm…õňźd,noun,,
meed,final,ňąmiňźd,noun,,
nift,-2000,ňąneptis,noun,nift,1
nift,200,ňąni…łtiz,noun,,
nift,900,ňąnift,noun,,
nift,1400,ňąnift,noun,,
nift,final,ňąn…™ft,noun,,
sallow,-2000,soňąlwos,adj,sallow,1
sallow,200,ňąs…Ďlw…Ďz,adj,,
sallow,900,ňąs…Ďlu,adj,,
sallow,1400,ňąsal…Ēw,adj,,
sallow,final,ňąs√¶l…ô ä,adj,,
tallow,-2000,ňądolg Īos,noun,tallow,1
tallow,200,ňąt…Ďl…£…Ďz,noun,,
tallow,900,ňąt√¶lg,noun,,
tallow,1400,ňątal…Ēw,noun,,
tallow,final,ňąt√¶lo ä,noun,,
erf,-2000,ňą Ā ∑orb Ījom,noun,erf,1
erf,200,ňą…Ďrő≤ij…ĎŐÉ,noun,,
erf,900,ňąiyrfe,noun,,
erf,1400,ňą…õrv,noun,,
erf,final,ňą…úňźf,noun,,
atter,-2000,ňąńßejdrom,noun,atter,1
atter,200,ňą…Ďjtr…ĎŐÉ,noun,,
atter,900,ňą…Ďňźtor,noun,,
atter,1400,ňąat…ôr,noun,,
atter,final,ňą√¶t…ô…Ļ,noun,,
welkin,-2000,wlŐ©ňągnos,noun,welkin,1
welkin,200,ňąwulkn…ĎŐÉ,noun,,
welkin,900,ňąwolkn,noun,,
welkin,1400,ňąw…õlk…ôn,noun,,
welkin,final,ňąw…õlk…™n,noun,,
barm,-2000,ňąb Īormos,noun,barm,1
barm,200,ňąb…Ďrm…Ďz,noun,,
barm,900,ňąb√¶…Ďrm,noun,,
barm,1400,ňąbarm,noun,,
barm,final,ňąb…Ďňźm,noun,,
gudńÖ,-2000,g ≤ Īuňątom,noun,gudńÖ,1
gudńÖ,200,ňą…£u√įŐ†…ĎŐÉ,noun,,
gudńÖ,900,ňągoňźd,noun,,
gudńÖ,1400,ňąg…Ēd,noun,,
halmaz,-2000,ňąk ≤olńßmos,noun,halmaz,1
halmaz,200,ňąx…Ďlm…Ďz,noun,,
halmaz,900,ňąx√¶…Ďlm,noun,,
halmaz,1400,ňąhalm,noun,,
segaz,-2000,ňąseg ≤ Īos,noun,segaz,1
segaz,200,ňąse…£…Ďz,noun,,
segaz,900,ňąsije,noun,,
segaz,1400,ňąsig,noun,,
ainaz,-2000,ňąŌáojnos,num,ainaz,1
ainaz,200,ňą…Ďjn…Ďz,num,,
ainaz,900,ňą…Ďňźn,num,,
ainaz,1400,ňą…Ēňźn,num,,
hundńÖ,-2000,k ≤mŐ©ňątom,noun,hundńÖ,1
hundńÖ,200,ňąxund…ĎŐÉ,noun,,
hundńÖ,900,ňąxund,noun,,
hundńÖ,1400,ňąhund,noun,,
fadńďr,-2000,ňąpńßteňźr,noun,fadńďr,1
fadńďr,200,ňą…ł…Ď√įŐ†…õňźr,noun,,
fadńďr,900,ňąf√¶der,noun,,
fadńďr,1400,ňąfad…ôr,noun,,
mŇćdńďr,-2000,meńßňąteňźr,noun,mŇćdńďr,1
mŇćdńďr,200,ňąm…Ēňź√įŐ†…õňźr,noun,,
mŇćdńďr,900,ňąmoňźdor,noun,,
mŇćdńďr,1400,ňąmoňźd…ôr,noun,,
tehund√ī,-2000,ňądek ≤mŐ©toňź,adj,tehund√ī,1
tehund√ī,200,ňątexund…Ēňźňź,adj,,
tehund√ī,900,ňąteoňźőłŐ†…Ď,adj,,
tehund√ī,1400,ňąt…õn√įŐ†,adj,,
snaiwaz,-2000,ňąsnojg ∑ Īos,noun,snaiwaz,1
snaiwaz,200,ňąsn…Ďjw…Ďz,noun,,
snaiwaz,900,ňąsn…Ďňźw,noun,,
snaiwaz,1400,ňąsn…Ďw,noun,,
harjaz,-2000,ňąkorjos,noun,harjaz,1
harjaz,200,ňąx…Ďrj…Ďz,noun,,
harjaz,900,ňąxere,noun,,
harjaz,1400,ňąh…õňźr,noun,,
raudaz,-2000,Ōárowňąd Īos,adj,raudaz,1
raudaz,200,ňąr…Ďw√įŐ†…Ďz,adj,,
raudaz,900,ňąr√¶…Ďňźd,adj,,
raudaz,1400,ňąr…õňźd,adj,,
watŇćr,-2000,ňąwodoňźr,noun,watŇćr,1
watŇćr,200,ňąw…Ďt…Ēňźr,noun,,
watŇćr,900,ňąw√¶ter,noun,,
watŇćr,1400,ňąwat…ôr,noun,,
ahwŇć,-2000,ňąńßek ∑eńß,noun,ahwŇć,1
ahwŇć,200,ňą…Ďx ∑…Ēňź,noun,,
ahwŇć,900,ňą√¶…Ďňź,noun,,
ahwŇć,1400,ňą…õňź,noun,,
aus√ī,-2000,ňąńßoňźws,noun,aus√ī,1
aus√ī,200,ňą…Ďws…Ēňźňź,noun,,
aus√ī,900,ňą√¶…Ďňźre,noun,,
aus√ī,1400,ňą…õňźr,noun,,
nahts,-2000,ňąnok ∑ts,noun,nahts,1
nahts,200,ňąn…Ďxts,noun,,
nahts,900,ňąnixt,noun,,
nahts,1400,ňąnixt,noun,,
couth,-2000,ňąg ≤nŐ© Ā ∑tos,adj,couth,1
couth,200,ňąkunőłŐ†…Ďz,adj,,
couth,900,ňąkuňźőłŐ†,adj,,
couth,final,ňąkuňźőł,adj,,
werkńÖ,-2000,ňąwerg ≤om,noun,werkńÖ,1
werkńÖ,200,ňąwerk…ĎŐÉ,noun,,
werkńÖ,900,ňąweork,noun,,
werkńÖ,1400,ňąw…õrk,noun,,
anguz,-2000,ňąńßeng ≤ Īus,adj,anguz,1
anguz,200,ňą…ĎŇčguz,adj,,
anguz,900,ňą…Ďnge,adj,,
anguz,1400,ňąang,adj,,
arbaidiz,-2000,ňą Ā ∑orb Īos,noun,arbaidiz,1
arbaidiz,200,ňą…Ďrő≤…Ďj√įŐ†iz,noun,,
arbaidiz,900,ňą√¶…ĎrfoőłŐ†e,noun,,
arbaidiz,1400,ňąarv…ô√įŐ†,noun,,
nam√ī,-2000,ňąŌánomoňź,noun,nam√ī,1
nam√ī,200,ňąn…Ďm…Ēňźňź,noun,,
nam√ī,900,ňąn…Ďm…Ď,noun,,
nam√ī,1400,ňąnaňźm,noun,,
garfish,-2000,g ≤ Īojňąsos,noun,garfish,1
garfish,200,ňą…£…Ďjz…Ďz,noun,,
garfish,900,ňąg…Ďňźr,noun,,
garfish,1400,ňąg…Ēňźr,noun,,
rehtaz,-2000, Ā ∑reg ≤ňątos,adj,rehtaz,1
rehtaz,200,ňąrext…Ďz,adj,,
rehtaz,900,ňąrixt,adj,,
rehtaz,1400,ňąrixt,adj,,
haimaz,-2000,ňąk ≤ojmos,noun,haimaz,1
haimaz,200,ňąx…Ďjm…Ďz,noun,,
haimaz,900,ňąx…Ďňźm,noun,,
haimaz,1400,ňąh…Ēňźm,noun,,
weraz,-2000,wiňąŌáros,noun,weraz,1
weraz,200,ňąwir…Ďz,noun,,
weraz,900,ňąwer,noun,,
weraz,1400,ňąw…õr,noun,,
wurmiz,-2000,ňąwrŐ©mis,noun,wurmiz,1
wurmiz,200,ňąwurmiz,noun,,
wurmiz,900,ňąwyrm,noun,,
wurmiz,1400,ňąwurm,noun,,
wagnaz,-2000,ňąwog ≤ Īnos,noun,wagnaz,1
wagnaz,200,ňąw…Ď…£n…Ďz,noun,,
wagnaz,900,ňąw√¶jn,noun,,
wagnaz,1400,ňąw√¶jn,noun,,
arsaz,-2000,ňąŌáorsos,noun,arsaz,1
arsaz,200,ňą…Ďrs…Ďz,noun,,
arsaz,900,ňą√¶…Ďrs,noun,,
arsaz,1400,ňąars,noun,,
tharm,-2000,ňątormos,noun,tharm,1
tharm,200,ňąőłŐ†…Ďrm…Ďz,noun,,
tharm,900,ňąőłŐ†√¶…Ďrm,noun,,
tharm,1400,ňąőłŐ†arm,noun,,
ajjńÖ,-2000,ńßoňźwňąjom,noun,ajjńÖ,1
ajjńÖ,200,ňą…Ďjj…ĎŐÉ,noun,,
ajjńÖ,900,ňą√¶ňźj,noun,,
ajjńÖ,1400,ňą√¶j,noun,,
anadz,-2000,ňąńßenńßets,noun,anadz,1
anadz,200,ňą…Ďn…Ďdz,noun,,
anadz,900,ňąened,noun,,
anadz,1400,ňąeňźnd,noun,,
lauhaz,-2000,ňąlowkos,noun,lauhaz,1
lauhaz,200,ňąl…Ďwx…Ďz,noun,,
lauhaz,900,ňąl√¶…Ďňźx,noun,,
lauhaz,1400,ňąl√¶j,noun,,
gelwaz,-2000,g ≤ Īelňą Ā ∑wos,adj,gelwaz,1
gelwaz,200,ňą…£elw…Ďz,adj,,
gelwaz,900,ňąjeolu,adj,,
gelwaz,1400,ňąj…õl…Ēw,adj,,
snuzŇć,-2000,snuňąseńß,noun,snuzŇć,1
snuzŇć,200,ňąsnuz…Ēňź,noun,,
snuzŇć,900,ňąsnoru,noun,,
snuzŇć,1400,ňąsn…Ēňźr,noun,,
wihtiz,-2000,ňąwek ∑tis,noun,wihtiz,1
wihtiz,200,ňąwixtiz,noun,,
wihtiz,900,ňąwixt,noun,,
wihtiz,1400,ňąwixt,noun,,
alaz,-2000,ňąŌáolos,noun,alaz,1
alaz,200,ňą…Ďl…Ďz,noun,,
alaz,900,ňą√¶l,noun,,
alaz,1400,ňąal,noun,,
gaukaz,-2000,ňąg Īeg Īug ≤ Īos,noun,gaukaz,1
gaukaz,200,ňą…£…Ďwk…Ďz,noun,,
gaukaz,900,ňąj√¶…Ďňźk,noun,,
gaukaz,1400,ňąj…õňźk,noun,,
ferhuz,-2000,ňąperkus,noun,ferhuz,1
ferhuz,200,ňą…łerxuz,noun,,
ferhuz,900,ňąfeorx,noun,,
ferhuz,1400,ňąf…õňźr,noun,,
lindŇć,-2000,lenňąteńß,noun,lindŇć,1
lindŇć,200,ňąlind…Ēňź,noun,,
lindŇć,900,ňąlind,noun,,
lindŇć,1400,ňąliňźn,noun,,
kwernŇć,-2000,g ∑erňąńßneńß,noun,kwernŇć,1
kwernŇć,200,ňąk ∑ern…Ēňź,noun,,
kwernŇć,900,ňąkweorn,noun,,
kwernŇć,1400,ňąkw…õrn,noun,,
funsaz,-2000,ňąpnŐ©tstos,adj,funsaz,1
funsaz,200,ňą…łuns…Ďz,adj,,
funsaz,900,ňąfuňźs,adj,,
funsaz,1400,ňąfuňźs,adj,,
faihaz,-2000,ňąpojk ≤os,adj,faihaz,1
faihaz,200,ňą…ł…Ďjx…Ďz,adj,,
faihaz,900,ňąf…Ďňźx,adj,,
faihaz,1400,ňąf…Ēw,adj,,
buttaz-end,-2000,b Īuňąd Īnos,noun,buttaz-end,1
buttaz-end,200,ňąbutt…Ďz,noun,,
buttaz-end,900,ňąbytt,noun,,
buttaz-end,1400,ňąbut,noun,,
klŇętaz,-2000,ňąglewdos,noun,klŇętaz,1
klŇętaz,200,ňąkluňźt…Ďz,noun,,
klŇętaz,900,ňąkluňźt,noun,,
klŇętaz,1400,ňąkluňźt,noun,,
mńďkijaz,-2000,ňąmeňźg ≤ejos,noun,mńďkijaz,1
mńďkijaz,200,ňąm…õňźkij…Ďz,noun,,
mńďkijaz,900,ňąm√¶ňźtÕ° Ée,noun,,
mńďkijaz,1400,ňąmeňźtÕ° É,noun,,
wapsŇć,-2000,ňąwob Īseńß,noun,wapsŇć,1
wapsŇć,200,ňąw…Ďps…Ēňź,noun,,
wapsŇć,900,ňąw√¶ps,noun,,
wapsŇć,1400,ňąwasp,noun,,
hŇęsńÖ,-2000,ňąkuŌásom,noun,hŇęsńÖ,1
hŇęsńÖ,200,ňąxuňźs…ĎŐÉ,noun,,
hŇęsńÖ,900,ňąxuňźs,noun,,
hŇęsńÖ,1400,ňąhuňźs,noun,,
hauhaz,-2000,ňąkowkos,adj,hauhaz,1
hauhaz,200,ňąx…Ďwx…Ďz,adj,,
hauhaz,900,ňąx√¶…Ďňźx,adj,,
hauhaz,1400,ňąheňźx,adj,,
mun√ĺaz,-2000,mnŐ©ňątos,noun,mun√ĺaz,1
mun√ĺaz,200,ňąmunőłŐ†…Ďz,noun,,
mun√ĺaz,900,ňąmuňźőłŐ†,noun,,
mun√ĺaz,1400,ňąmuňźőłŐ†,noun,,
fulkńÖ,-2000,plŐ©Ōáňągos,noun,fulkńÖ,1
fulkńÖ,200,ňą…łulk…ĎŐÉ,noun,,
fulkńÖ,900,ňąfolk,noun,,
fulkńÖ,1400,ňąf…Ēlk,noun,,
haiduz,-2000,kojňątus,noun,haiduz,1
haiduz,200,ňąx…Ďj√įŐ†uz,noun,,
haiduz,900,ňąx…Ďňźd,noun,,
haiduz,1400,ňąh…Ēňźd,noun,,
wńęsaz,-2000,wejňądsos,adj,wńęsaz,1
wńęsaz,200,ňąwiňźs…Ďz,adj,,
wńęsaz,900,ňąwiňźs,adj,,
wńęsaz,1400,ňąwiňźs,adj,,
bladńÖ,-2000,b ĪlŐ© Ā ∑ňątom,noun,bladńÖ,1
bladńÖ,200,ňąbl…Ď√įŐ†…ĎŐÉ,noun,,
bladńÖ,900,ňąbl√¶d,noun,,
bladńÖ,1400,ňąblaňźd,noun,,
mundŇć,-2000,ňąmńßnteńß,noun,mundŇć,1
mundŇć,200,ňąmund…Ēňź,noun,,
mundŇć,900,ňąmund,noun,,
mundŇć,1400,ňąmuňźnd,noun,,
anad√ī,-2000,ňąńßenŌád Īoňź,noun,anad√ī,1
anad√ī,200,ňą…Ďn…Ď√įŐ†…Ēňźňź,noun,,
anad√ī,900,ňą…Ďnd…Ď,noun,,
anad√ī,1400,ňą…Ēňźnd,noun,,
haisiz,-2000,ňąkojdtis,noun,haisiz,1
haisiz,200,ňąx…Ďjsiz,noun,,
haisiz,900,ňąx√¶ňźs,noun,,
haisiz,1400,ňąh…õst,noun,,
gernaz,-2000,ňąg ≤ ĪerŌános,adj,gernaz,1
gernaz,200,ňą…£ern…Ďz,adj,,
gernaz,900,ňąjeorn,adj,,
gernaz,1400,ňąj…õňźrn,adj,,
aizŇć,-2000,ńßojňąseńß,noun,aizŇć,1
aizŇć,200,ňą…Ďjz…Ēňź,noun,,
aizŇć,900,ňą…Ďňźr,noun,,
aizŇć,1400,ňą…Ēňźr,noun,,
bŇćniz,-2000,ňąb Īeńßnis,noun,bŇćniz,1
bŇćniz,200,ňąb…Ēňźniz,noun,,
bŇćniz,900,ňąbeňźn,noun,,
bŇćniz,1400,ňąb…õňźn,noun,,
skaduz,-2000,ňąk ≤ Ā ∑tus,noun,skaduz,1
skaduz,200,ňąsk…Ď√įŐ†uz,noun,,
skaduz,900,ňą É…Ďdu,noun,,
skaduz,1400,ňą Éaňźd,noun,,
haitaz,-2000,ňąkeŌáidos,adj,haitaz,1
haitaz,200,ňąx…Ďjt…Ďz,adj,,
haitaz,900,ňąx…Ďňźt,adj,,
haitaz,1400,ňąh…Ēňźt,adj,,
stabaz,-2000,ňąstob Īos,noun,stabaz,1
stabaz,200,ňąst…Ďő≤…Ďz,noun,,
stabaz,900,ňąst√¶f,noun,,
stabaz,1400,ňąstaf,noun,,
eath,-2000,ňąńßewtus,adj,eath,1
eath,200,ňą…ĎwőłŐ†uz,adj,,
eath,900,ňąiyňźőłŐ†e,adj,,
eath,1400,ňą…õňź√įŐ†,adj,,
stŇćraz,-2000,ňąsteńßuros,adj,stŇćraz,1
stŇćraz,200,ňąst…Ēňźr…Ďz,adj,,
stŇćraz,900,ňąstoňźr,adj,,
stŇćraz,1400,ňąst…Ēňźr,adj,,
gangaz,-2000,ňąg ≤ Īong Īos,noun,gangaz,1
gangaz,200,ňą…£…ĎŇčg…Ďz,noun,,
gangaz,900,ňąg…Ďng,noun,,
gangaz,1400,ňąg…Ēng,noun,,
gul√ĺńęnaz,-2000,ňąg ≤ Īol Ā ∑tinos,adj,gul√ĺńęnaz,1
gul√ĺńęnaz,200,ňą…£ulőłŐ†iňźn…Ďz,adj,,
gul√ĺńęnaz,900,ňągylden,adj,,
gul√ĺńęnaz,1400,ňągiňźld…ôn,adj,,
duniz,-2000,ňąd Īunis,noun,duniz,1
duniz,200,ňąduniz,noun,,
duniz,900,ňądyne,noun,,
duniz,1400,ňądin,noun,,
ang√ī-bend,-2000,ňąńßenkoňź,noun,ang√ī-bend,1
ang√ī-bend,200,ňą…ĎŇčg…Ēňźňź,noun,,
ang√ī-bend,900,ňą…Ďng…Ď,noun,,
ang√ī-bend,1400,ňąang,noun,,
gastiz,-2000,ňąg Īostis,noun,gastiz,1
gastiz,200,ňą…£…Ďstiz,noun,,
gastiz,900,ňąjiyst,noun,,
ansuz,-2000,ňąńßemsus,noun,ansuz,1
ansuz,200,ňą…Ďnsuz,noun,,
ansuz,900,ňąoňźs,noun,,
tiw,-2000,dejňąwos,noun,Tiw,1
tiw,200,ňątiňźw…Ďz,noun,,
tiw,900,ňątiňźw,noun,,
ehwaz,-2000,ňąŌáek ≤wos,noun,ehwaz,1
ehwaz,200,ňąex ∑…Ďz,noun,,
ehwaz,900,ňąeox,noun,,
maguz,-2000,ňąmog Īus,noun,maguz,1
maguz,200,ňąm…Ď…£uz,noun,,
maguz,900,ňąm…Ďgu,noun,,
gun√ĺiz,-2000,ňąg ∑ ĪnŐ©tis,noun,gun√ĺiz,1
gun√ĺiz,200,ňą…£unőłŐ†iz,noun,,
gun√ĺiz,900,ňąguňźőłŐ†,noun,,
halsaz,-2000,ňąkolsos,noun,halsaz,1
halsaz,200,ňąx…Ďls…Ďz,noun,,
halsaz,900,ňąx√¶…Ďls,noun,,
albńę,-2000,ňąalb Īińß,noun,albńę,1
albńę,200,ňą…Ďlő≤iňź,noun,,
albńę,900,ňą√¶lf,noun,,
wissaz,-2000,widňątos,adj,wissaz,1
wissaz,200,ňąwiss…Ďz,adj,,
wissaz,900,ňąwiňźs,adj,,
bergaz,-2000,ňąb Īerg ≤ Īos,noun,bergaz,1
bergaz,200,ňąber…£…Ďz,noun,,
bergaz,900,ňąbeorg,noun,,
kundaz,-2000,g ≤nŐ©Ōáňątos,adj,kundaz,1
kundaz,200,ňąkund…Ďz,adj,,
kundaz,900,ňąkund,adj,,
sessaz,-2000,sedňątos,noun,sessaz,1
sessaz,200,ňąsess…Ďz,noun,,
sessaz,900,ňąsess,noun,,
hwassaz,-2000,ňąk ∑Ōádtos,adj,hwassaz,1
hwassaz,200,ňąx ∑…Ďss…Ďz,adj,,
hwassaz,900,ňąxw√¶s,adj,,
hleu√ĺrńÖ,-2000,ňąk ≤lewtrom,noun,hleu√ĺrńÖ,1
hleu√ĺrńÖ,200,ňąxlewőłŐ†r…ĎŐÉ,noun,,
hleu√ĺrńÖ,900,ňąxleoňźőłŐ†or,noun,,
ni√ĺjaz,-2000,ňąnitjos,noun,ni√ĺjaz,1
ni√ĺjaz,200,ňąniőłŐ†j…Ďz,noun,,
ni√ĺjaz,900,ňąniőłŐ†őłŐ†…Ďs,noun,,
swehuraz,-2000,ňąswek ≤uros,noun,swehuraz,1
swehuraz,200,ňąswexur…Ďz,noun,,
swehuraz,900,ňąsweoňźr,noun,,
marhaz,-2000,ňąmarkos,noun,marhaz,1
marhaz,200,ňąm…Ďrx…Ďz,noun,,
marhaz,900,ňąm√¶…Ďrx,noun,,
haftaz,-2000,ňąkńßptos,adj,haftaz,1
haftaz,200,ňąx…Ď…łt…Ďz,adj,,
haftaz,900,ňąx√¶ft,adj,,
swegrŇć,-2000,sweňąk ≤reńß,noun,swegrŇć,1
swegrŇć,200,ňąswe…£r…Ēňź,noun,,
swegrŇć,900,ňąswejer,noun,,
hafraz,-2000,ňąkapros,noun,hafraz,1
hafraz,200,ňąx…Ď…łr…Ďz,noun,,
hafraz,900,ňąx√¶fer,noun,,
keulaz,-2000,ňągewlos,noun,keulaz,1
keulaz,200,ňąkewl…Ďz,noun,,
keulaz,900,ňątÕ° Éeoňźl,noun,,
nasŇć,-2000,ňąnńßŐ©seńß,noun,nasŇć,1
nasŇć,200,ňąn…Ďs…Ēňź,noun,,
nasŇć,900,ňąn…Ďsu,noun,,
neur√ī,-2000,neňąg ∑ Īroňź,noun,neur√ī,1
neur√ī,200,ňąnewr…Ēňźňź,noun,,
neur√ī,1400,ňąneňźr,noun,,
fulmŇć,-2000,ňąplŐ©ńßmeńß,noun,fulmŇć,1
fulmŇć,200,ňą…łulm…Ēňź,noun,,
fulmŇć,900,ňąfolm,noun,,
weer,-2000,ňąweŌáros,adj,weer,1
weer,200,ňąw…õňźr…Ďz,adj,,
weer,900,ňąw√¶ňźr,adj,,
ink√ī,-2000,ňąŌáengoňź,noun,ink√ī,1
ink√ī,200,ňąiŇčk…Ēňźňź,noun,,
ink√ī,900,ňąink…Ď,noun,,
aiwaz,-2000,ňąńßoju,noun,aiwaz,1
aiwaz,200,ňą…Ďjw…Ďz,noun,,
aiwaz,900,ňą…Ďňź,noun,,
heruz,-2000,ňąk ≤erus,noun,heruz,1
heruz,200,ňąxeruz,noun,,
heruz,900,ňąxeoru,noun,,
aibraz,-2000,ňąńßejb Īros,adj,aibraz,1
aibraz,200,ňą…Ďjő≤r…Ďz,adj,,
aibraz,900,ňą…Ďňźfor,adj,,
tulguz,-2000,dlŐ©Ōáňąg Īus,adj,tulguz,1
tulguz,200,ňątul…£uz,adj,,
tulguz,900,ňątulge,adj,,
sengreen,-2000,ňąsenis,adj,sengreen,1
sengreen,200,ňąsiniz,adj,,
sengreen,900,ňąsin,adj,,
magraz,-2000,ňąmńßk ≤ros,adj,magraz,1
magraz,200,ňąm…Ď…£r…Ďz,adj,,
magraz,900,ňąm√¶jer,adj,,
murth,-2000,ňąmrŐ©tom,noun,murth,1
murth,200,ňąmurőłŐ†…ĎŐÉ,noun,,
murth,900,ňąmorőłŐ†,noun,,
kur√ĺrńÖ,-2000,ňąńßgrŐ©trom,noun,kur√ĺrńÖ,1
kur√ĺrńÖ,200,ňąkurőłŐ†r…ĎŐÉ,noun,,
kur√ĺrńÖ,900,ňąkorőłŐ†er,noun,,
sńęm√ī,-2000,sńßiňąmoňź,noun,sńęm√ī,1
sńęm√ī,200,ňąsiňźm…Ēňźňź,noun,,
sńęm√ī,900,ňąsiňźm…Ď,noun,,
trumaz,-2000,ňądrumos,noun,trumaz,1
trumaz,200,ňątrum…Ďz,noun,,
trumaz,900,ňąwyrtňĆtrum…Ď,noun,,
farmaz,-2000,ňąpormos,noun,farmaz,1
farmaz,200,ňą…ł…Ďrm…Ďz,noun,,
farmaz,900,ňąf√¶…Ďrm,noun,,
fetńÖ,-2000,peňądom,noun,fetńÖ,1
fetńÖ,200,ňą…łet…ĎŐÉ,noun,,
fetńÖ,900,ňąsiňźőłŐ†ňĆf√¶t,noun,,
abuhaz,-2000,ňąńßepo Ā ∑k ∑os,adj,abuhaz,1
abuhaz,200,ňą…Ďő≤ux…Ďz,adj,,
abuhaz,900,ňą…ĎfuxliňźtÕ° É,adj,,
snood,-2000,snoŌáňąteńß,noun,snood,1
snood,200,ňąsn…Ēňź√įŐ†…Ēňź,noun,,
snood,final,ňąsnuňźd,noun,,
berkŇć,-2000,b ĪerŌáňąg ≤eńß,noun,berkŇć,1
berkŇć,200,ňąberk…Ēňź,noun,,
berkŇć,900,ňąbeork,noun,,
wurhtiz,-2000,wrŐ©g ≤ňątis,noun,wurhtiz,1
wurhtiz,200,ňąwurxtiz,noun,,
wurhtiz,900,ňąwyrxt,noun,,
undern,-2000,ňąŌánŐ©ter,noun,undern,1
undern,200,ňąundurniz,noun,,
undern,900,ňąundern,noun,,
sta√ĺlaz,-2000,ňąstńßtlos,noun,sta√ĺlaz,1
sta√ĺlaz,200,ňąst…ĎőłŐ†l…Ďz,noun,,
sta√ĺlaz,900,ňąst…ĎőłŐ†ol,noun,,
juhtaz,-2000,jugňątos,adj,juhtaz,1
juhtaz,200,ňąjuxt…Ďz,adj,,
juhtaz,900,jeňąixt,adj,,
frijŇć,-2000,priňąŌáeńß,noun,frijŇć,1
frijŇć,200,ňą…łrij…Ēňź,noun,,
frijŇć,900,ňąfreoňź,noun,,
hrńędr«≠,-2000,krejňąd Īroňźn,noun,hrńędr«≠,1
hrńędr«≠,200,ňąxriňź√įŐ†r…ĒŐÉňź,noun,,
hrńędr«≠,900,ňąxridder,noun,,
dross,-2000,ňąd Īraňźks,noun,dross,1
dross,200,ňądr…Ēňźxs,noun,,
dross,final,ňąd…Ļ…ís,noun,,
twifŇćtijaz,-2000,ňądwipoňźds,adj,twifŇćtijaz,1
twifŇćtijaz,200,ňątwiňĆ…ł…Ēňźtij…Ďz,adj,,
twifŇćtijaz,900,ňątwiňĆfeňźte,adj,,
elmaz,-2000,ňąŌáelem,noun,elmaz,1
elmaz,900,ňąelm,noun,,
elmaz,1400,ňą…õlm,noun,,
wough,-2000,ňąwonkos,adj,wough,1
wough,200,ňąw…ĎŐÉňźx…Ďz,adj,,
wough,900,ňąwoňźx,adj,,
reudaz,-2000,Ōárewňąd Īos,adj,reudaz,1
reudaz,200,ňąrew√įŐ†…Ďz,adj,,
reudaz,900,ňąreoňźd,adj,,
gole,-2000,ňąg Īojlos,adj,gole,1
gole,200,ňą…£…Ďjl…Ďz,adj,,
gole,900,ňąg…Ďňźl,adj,,
hers√ī,-2000,ňąk ≤erńßsoňź,noun,hers√ī,1
hers√ī,900,ňąx√¶rn,noun,,
hers√ī,1400,ňąh…õrns,noun,,
muld√ī,-2000,mlŐ©Ōáňąd Īoňź,noun,muld√ī,1
muld√ī,900,ňąmold…Ď,noun,,
muld√ī,1400,ňąm…Ēld,noun,,
maltaz,-2000,ňąmoldos,adj,maltaz,1
maltaz,200,ňąm…Ďlt…Ďz,adj,,
maltaz,900,ňąm√¶…Ďlt,adj,,
banjŇć,-2000,ňąg ∑ Īonjeńß,noun,banjŇć,1
banjŇć,200,ňąb…Ďnj…Ēňź,noun,,
banjŇć,900,ňąbenn,noun,,
berhtaz,-2000,b Īerg ≤ňątos,adj,berhtaz,1
berhtaz,200,ňąberxt…Ďz,adj,,
berhtaz,900,ňąbeorxt,adj,,
taikuraz,-2000,ňądajńßuros,noun,taikuraz,1
taikuraz,200,ňąt…Ďjkur…Ďz,noun,,
taikuraz,900,ňąt…Ďňźkor,noun,,
muldŇć,-2000,mlŐ©ńßňąteńß,noun,muldŇć,1
muldŇć,900,ňąmolde,noun,,
muldŇć,1400,ňąm…Ēld,noun,,
waker,-2000,ňąwog ≤ros,adj,waker,1
waker,200,ňąw…Ďkr…Ďz,adj,,
waker,900,ňąw…Ďkor,adj,,
√ĺursuz,-2000,ňątersus,adj,√ĺursuz,1
√ĺursuz,200,ňąőłŐ†ursuz,adj,,
√ĺursuz,900,ňąőłŐ†yrre,adj,,
wadjńÖ,-2000,ňąwod Ījom,noun,wadjńÖ,1
wadjńÖ,200,ňąw…Ď√įŐ†j…ĎŐÉ,noun,,
wadjńÖ,900,ňąwedd,noun,,
√ĺankaz,-2000,ňątongos,noun,√ĺankaz,1
√ĺankaz,200,ňąőłŐ†…ĎŇčk…Ďz,noun,,
√ĺankaz,900,ňąőłŐ†…Ďnk,noun,,
kustiz,-2000,ňąg ≤ewstis,noun,kustiz,1
kustiz,200,ňąkustiz,noun,,
kustiz,900,ňąkyst,noun,,
auraz,-2000,ŌáuňąŌáros,noun,auraz,1
auraz,200,ňą…Ďwr…Ďz,noun,,
auraz,900,ňą√¶…Ďňźr,noun,,
haulaz,-2000,ňąkńßewlos,noun,haulaz,1
haulaz,200,ňąx…Ďwl…Ďz,noun,,
haulaz,900,ňąx√¶…Ďňźl…Ď,noun,,
ailńÖ,-2000,ňąńßejd Īlom,noun,ailńÖ,1
ailńÖ,200,ňą…Ďjl…ĎŐÉ,noun,,
ailńÖ,900,ňą…Ďňźl,noun,,
blautaz,-2000,ňąb Īlowdńßos,adj,blautaz,1
blautaz,200,ňąbl…Ďwt…Ďz,adj,,
blautaz,900,ňąbl√¶…Ďňźt,adj,,
swńďsaz,-2000,ňąsweňźd ĪŌásos,adj,swńďsaz,1
swńďsaz,200,ňąsw…õňźs…Ďz,adj,,
swńďsaz,900,ňąsw√¶ňźs,adj,,
fergunjńÖ,-2000,ňąperwnŐ©jom,noun,fergunjńÖ,1
fergunjńÖ,200,ňą…łer…£unj…ĎŐÉ,noun,,
fergunjńÖ,900,ňąfiyrgen,noun,,
hlaiwńÖ,-2000,ňąk ≤lojwom,noun,hlaiwńÖ,1
hlaiwńÖ,200,ňąxl…Ďjw…ĎŐÉ,noun,,
hlaiwńÖ,900,ňąxleoňźw,noun,,
√ĺarbŇć,-2000,torňąpeńß,noun,√ĺarbŇć,1
√ĺarbŇć,900,ňąőłŐ†√¶…Ďrf,noun,,
√ĺarbŇć,1400,ňąőłŐ†…õrf,noun,,
grindiz,-2000,ňąg Īrend Īis,noun,grindiz,1
grindiz,200,ňą…£rindiz,noun,,
grindiz,900,ňągrindel,noun,,
spen√ī,-2000,ňąpstenos,noun,spen√ī,1
spen√ī,200,ňąspen…Ēňźňź,noun,,
spen√ī,900,ňąsp…Ďnu,noun,,
wibraz,-2000,wiňąpros,noun,wibraz,1
wibraz,200,ňąwiő≤r…Ďz,noun,,
wibraz,900,ňąwifer,noun,,
√ĺrawŇć,-2000,ňątrowŌáeńßti,noun,√ĺrawŇć,1
√ĺrawŇć,200,ňąőłŐ†r…Ďw…Ēňź,noun,,
√ĺrawŇć,900,ňąőłŐ†r√¶…Ďňź,noun,,
gramaz,-2000,ňąg Īromos,adj,gramaz,1
gramaz,200,ňą…£r…Ďm…Ďz,adj,,
gramaz,900,ňągr…Ďm,adj,,
mili,-2000,ňąmelit,noun,mili,1
mili,200,ňąmili,noun,,
biridi,-2000,ňąb Īereti,verb.pres.3sg,biridi,1
biridi,200,ňąbiri√įŐ†i,verb.pres.3sg,,
itidi,-2000,ňąŌáedti,verb.pres.3sg,itidi,1
itidi,200,ňąiti√įŐ†i,verb.pres.3sg,,
rńędidi,-2000,ňą Ā ∑rejd ĪŌáeti,verb.pres.3sg,rńędidi,1
rńędidi,200,ňąriňź√įŐ†i√įŐ†i,verb.pres.3sg,,
biudidi,-2000,ňąb Īewd Īeti,verb.pres.3sg,biudidi,1
biudidi,200,ňąbiw√įŐ†i√įŐ†i,verb.pres.3sg,,
wńďidi,-2000,ňąńßweňźŌáti,verb.pres.3sg,wńďidi,1
wńďidi,200,ňąw…õňźi√įŐ†i,verb.pres.3sg,,
rńďdidi,-2000,ňąŌáreŌád Īeti,verb.pres.3sg,rńďdidi,1
rńďdidi,200,ňąr…õňź√įŐ†i√įŐ†i,verb.pres.3sg,,
bńędidi,-2000,ňąb Īejd Īeti,verb.pres.3sg,bńędidi,1
bńędidi,200,ňąbiňź√įŐ†i√įŐ†i,verb.pres.3sg,,
snńęwidi,-2000,ňąsnejg ∑ Īeti,verb.pres.3sg,snńęwidi,1
snńęwidi,200,ňąsniňźwi√įŐ†i,verb.pres.3sg,,
wigidi,-2000,ňąweg ≤ Īeti,verb.pres.3sg,wigidi,1
wigidi,200,ňąwi…£i√įŐ†i,verb.pres.3sg,,
dail«≠,-2000,ňąd Īajleńß,noun,dail«≠,1
dail«≠,200,ňąd…Ďjl…ĒŐÉňź,noun,,
akidi,-2000,ňąńßeg ≤eti,verb.pres.3sg,akidi,1
akidi,200,ňą…Ďki√įŐ†i,verb.pres.3sg,,
alidi,-2000,ňąńßeleti,verb.pres.3sg,alidi,1
alidi,200,ňą…Ďli√įŐ†i,verb.pres.3sg,,
apalijńÖ,-2000,ňąńßeboňźl,noun,apalijńÖ,1
apalijńÖ,200,ňą…Ďp…Ďlij…ĎŐÉ,noun,,
hilidi,-2000,ňąk ≤eleti,verb.pres.3sg,hilidi,1
hilidi,200,ňąxili√įŐ†i,verb.pres.3sg,,
sńďm√ī,-2000,ňąseŌámoňź,noun,sńďm√ī,1
sńďm√ī,200,ňąs…õňźm…Ēňźňź,noun,,
ar√ī,-2000,ňą Ā ∑eroňź,noun,ar√ī,1
ar√ī,200,ňą…Ďr…Ēňźňź,noun,,
rekwaz,-2000,ňąŌáreg ∑os,noun,rekwaz,1
rekwaz,200,ňąrek ∑…Ďz,noun,,
fer√ĺuz,-2000,ňąpertus,noun,fer√ĺuz,1
fer√ĺuz,200,ňą…łerőłŐ†uz,noun,,
kuruz,-2000,g ∑rŐ©ňąńßus,adj,kuruz,1
kuruz,200,ňąkuruz,adj,,
ha√ĺuz,-2000,ňąke Ā ∑tus,noun,ha√ĺuz,1
ha√ĺuz,200,ňąx…ĎőłŐ†uz,noun,,
√ĺahsuz,-2000,ňątaksus,noun,√ĺahsuz,1
√ĺahsuz,200,ňąőłŐ†…Ďxsuz,noun,,
lungraz,-2000,ŌálnŐ©ňąg ∑ Īros,adj,lungraz,1
lungraz,200,ňąluŇčgr…Ďz,adj,,
astaz,-2000,ňą Ā ∑osdos,noun,astaz,1
astaz,200,ňą…Ďst…Ďz,noun,,
hleum√ī,-2000,ňąk ≤lewmoňź,noun,hleum√ī,1
hleum√ī,200,ňąxlewm…Ēňźňź,noun,,
mńęgidi,-2000,ňą Ā ∑mejg ≤ Īeti,verb.pres.3sg,mńęgidi,1
mńęgidi,200,ňąmiňź…£i√įŐ†i,verb.pres.3sg,,
stńęgidi,-2000,ňąstejg Īeti,verb.pres.3sg,stńęgidi,1
stńęgidi,200,ňąstiňź…£i√įŐ†i,verb.pres.3sg,,
ankw√ī,-2000,ňą Ā ∑eng ∑oňź,noun,ankw√ī,1
ankw√ī,200,ňą…ĎŇčk ∑…Ēňźňź,noun,,
wulgńę,-2000,wlŐ©ňąk ∑ińßs,noun,wulgńę,1
wulgńę,200,ňąwul…£iňź,noun,,
amsaz,-2000,ňą Ā ∑emsos,noun,amsaz,1
amsaz,200,ňą…Ďms…Ďz,noun,,
haihaz,-2000,keňąńßikos,adj,haihaz,1
haihaz,200,ňąx…Ďjx…Ďz,adj,,
fadiz,-2000,poňątis,noun,fadiz,1
fadiz,200,ňą…ł…Ď√įŐ†iz,noun,,
himinaz,-2000,ňąńßek ≤moňź,noun,himinaz,1
himinaz,200,ňąximin…Ďz,noun,,
fersnŇć,-2000,ňątpeňźrsneńß,noun,fersnŇć,1
fersnŇć,900,ňąfiyrsn,noun,,
nadraz,-2000,ňąnńßtros,noun,nadraz,1
nadraz,200,ňąn…Ď√įŐ†r…Ďz,noun,,
brimidi,-2000,ňąb Īremeti,verb.pres.3sg,brimidi,1
brimidi,200,ňąbrimi√įŐ†i,verb.pres.3sg,,
algiz,-2000,Ōáolňąk ≤is,noun,algiz,1
algiz,200,ňą…Ďl…£iz,noun,,
wi√ĺiz,-2000,ňąweŌáitis,noun,wi√ĺiz,1
wi√ĺiz,200,ňąwiőłŐ†iz,noun,,
barŇć,-2000,b Īoňąreńß,noun,barŇć,1
barŇć,200,ňąb…Ďr…Ēňź,noun,,
kwernuz,-2000,g ∑erňąńßnus,noun,kwernuz,1
kwernuz,200,ňąk ∑ernuz,noun,,
hŇęnaz,-2000,k ≤uňąŌános,noun,hŇęnaz,1
hŇęnaz,200,ňąxuňźn…Ďz,noun,,
tńęhidi,-2000,ňądejk ≤eti,verb.pres.3sg,tńęhidi,1
tńęhidi,200,ňątiňźxi√įŐ†i,verb.pres.3sg,,
tur√ĺiz,-2000,ňądrŐ©tis,noun,tur√ĺiz,1
tur√ĺiz,200,ňąturőłŐ†iz,noun,,
saidaz,-2000,sojňątos,noun,saidaz,1
saidaz,200,ňąs…Ďj√įŐ†…Ďz,noun,,
draugaz,-2000,ňąd Īrowg Īos,noun,draugaz,1
draugaz,200,ňądr…Ďw…£…Ďz,noun,,
twigimaz,-2000,ňądwig ≤ Īimos,adj,twigimaz,1
twigimaz,200,ňątwiňĆ…£im…Ďz,adj,,
kum√ĺiz,-2000,ňąg ∑mŐ©tis,noun,kum√ĺiz,1
kum√ĺiz,200,ňąkumőłŐ†iz,noun,,
tehwŇć,-2000,ňądek ≤weńß,noun,tehwŇć,1
tehwŇć,200,ňątex ∑…Ēňź,noun,,
laisŇć,-2000,ňąlojseńß,noun,laisŇć,1
laisŇć,200,ňąl…Ďjs…Ēňź,noun,,
buttaz-off,-2000,b Īuňądnos,adj,buttaz-off,1
buttaz-off,200,ňąbutt…Ďz,adj,,
arjaz,-2000,ňąńßerjos,adj,arjaz,1
arjaz,200,ňą…Ďrj…Ďz,adj,,
√ĺinhslŇć,-2000,ňąteng Īsleńß,noun,√ĺinhslŇć,1
√ĺinhslŇć,900,ňąőłŐ†iňźksl,noun,,
stadaz,-2000,ňąstńßtos,adj,stadaz,1
stadaz,200,ňąst…Ď√įŐ†…Ďz,adj,,
rikidi,-2000,ňą Ā ∑reg ≤eti,verb.pres.3sg,rikidi,1
rikidi,200,ňąriki√įŐ†i,verb.pres.3sg,,
ar√ĺrńÖ,-2000,ňąńßer Ā ∑trom,noun,ar√ĺrńÖ,1
ar√ĺrńÖ,200,ňą…ĎrőłŐ†r…ĎŐÉ,noun,,
aw√ī,-2000,ňąńßewńßoňź,noun,aw√ī,1
aw√ī,200,ňą…Ďw…Ēňźňź,noun,,
ang√ī-smell,-2000,ňąńßeng ≤ Īoňź,noun,ang√ī-smell,1
ang√ī-smell,200,ňą…ĎŇčg…Ēňźňź,noun,,
sparwaz,-2000,ňąspeňźr,noun,sparwaz,1
sparwaz,200,ňąsp…Ďrw…Ďz,noun,,
wagnis√ī,-2000,ňąwog ∑ Īnis,noun,wagnis√ī,1
wagnis√ī,200,ňąw…Ď…£nis…Ēňźňź,noun,,
riutidi,-2000,ňąŌárewdŌáti,verb.pres.3sg,riutidi,1
riutidi,200,ňąriwti√įŐ†i,verb.pres.3sg,,
kwastuz,-2000,ňągwosdos,noun,kwastuz,1
kwastuz,200,ňąkw…Ďstuz,noun,,
agi√ĺŇć,-2000,ńßoňąk ≤eteńß,noun,agi√ĺŇć,1
agi√ĺŇć,200,ňą…Ď…£iőłŐ†…Ēňź,noun,,
harm√ī,-2000,ňąk ≤ormoňź,noun,harm√ī,1
harm√ī,900,ňąx√¶…Ďrm…Ď,noun,,
hlńędŇć,-2000,k ≤lejňąteńß,noun,hlńędŇć,1
hlńędŇć,200,ňąxliňź√įŐ†…Ēňź,noun,,
hlńę√ĺrŇć,-2000,ňąk ≤lejtreńß,noun,hlńę√ĺrŇć,1
hlńę√ĺrŇć,200,ňąxliňźőłŐ†r…Ēňź,noun,,
hulisŇć,-2000,ňąk ≤eloňźs,noun,hulisŇć,1
hulisŇć,200,ňąxulis…Ēňź,noun,,
wakwaz,-2000,ňąwog ∑os,adj,wakwaz,1
wakwaz,200,ňąw…Ďk ∑…Ďz,adj,,
aitaz,-2000,ňąńßojdos,noun,aitaz,1
aitaz,200,ňą…Ďjt…Ďz,noun,,
laudaz,-2000,ňąŌálowd Īos,noun,laudaz,1
laudaz,200,ňąl…Ďw√įŐ†…Ďz,noun,,
wididi,-2000,ňąwed Īeti,verb.pres.3sg,wididi,1
wididi,200,ňąwi√įŐ†i√įŐ†i,verb.pres.3sg,,
lunaz,-2000,luňąŌános,noun,lunaz,1
lunaz,200,ňąlun…Ďz,noun,,
jeukńÖ,-2000,ňąjewgom,noun,jeukńÖ,1
jeukńÖ,200,ňąjewk…ĎŐÉ,noun,,
wastijŇć,-2000,ňąwestis,noun,wastijŇć,1
wastijŇć,900,ňąw√¶stling,noun,,
hallaz,-2000,ňąkŌálnos,adj,hallaz,1
hallaz,200,ňąx…Ďll…Ďz,adj,,
gesteraz,-2000,ňąd Īg ≤ Ījesteros,adj,gesteraz,1
gesteraz,900,ňąjiystr…Ďn,adj,,
andŇć,-2000,ńßenŌáňąteńß,noun,andŇć,1
andŇć,200,ňą…Ďnd…Ēňź,noun,,
hlewaz,-2000,ňąk ≤lewos,noun,hlewaz,1
hlewaz,200,ňąxlew…Ďz,noun,,
aunaz,-2000,ńßeňąg ∑nos,noun,aunaz,1
aunaz,900,jeňą√¶…Ďňźn,noun,,
kunjńÖ,-2000,g ≤nŐ©ňą Ā ∑jom,noun,kunjńÖ,1
kunjńÖ,200,ňąkunj…ĎŐÉ,noun,,
dumbaz,-2000,ňąd ĪmŐ©b Īos,adj,dumbaz,1
dumbaz,200,ňądumb…Ďz,adj,,
hrainiz,-2000,ňąkrojnis,adj,hrainiz,1
hrainiz,200,ňąxr…Ďjniz,adj,,
faitaz,-2000,ňąpojńßdos,adj,faitaz,1
faitaz,200,ňą…ł…Ďjt…Ďz,adj,,
wissiz,-2000,ňąwed Ītis,noun,wissiz,1
wissiz,200,…£…Ďňąwissiz,noun,,
drugńÖ,-2000,ňąd Īrug Īom,noun,drugńÖ,1
drugńÖ,200,ňądru…£…ĎŐÉ,noun,,
fruskaz,-2000,prug Īňąk ≤os,noun,fruskaz,1
fruskaz,900,ňąfrosk,noun,,
sundńę,-2000,ŌásnŐ©ňątińß,noun,sundńę,1
sundńę,200,ňąsundiňź,noun,,
furhnŇć,-2000,prŐ©ňąk ≤neńß,noun,furhnŇć,1
furhnŇć,900,ňąforn,noun,,
fahaz,-2000,ňąpok ≤os,noun,fahaz,1
fahaz,200,ňą…ł…Ďx…Ďz,noun,,
wńęhaz,-2000,ňąwejkos,adj,wńęhaz,1
wńęhaz,200,ňąwiňźx…Ďz,adj,,
tńďwŇć,-2000,deňźňąk ≤weńß,noun,tńďwŇć,1
tńďwŇć,200,ňąt…õňźw…Ēňź,noun,,
spńďdiz,-2000,speŌáňątis,adj,spńďdiz,1
spńďdiz,200,ňąsp…õňź√įŐ†iz,adj,,
ald«≠,-2000,ňąŌáold Īeńß,noun,ald«≠,1
ald«≠,200,ňą…Ďld…ĒŐÉňź,noun,,
hraznŇć,-2000,kroňąsneńß,noun,hraznŇć,1
hraznŇć,900,ňąxr√¶n,noun,,
sunjaz,-2000,ŌásnŐ©ňątjos,adj,sunjaz,1
sunjaz,200,ňąsunj…Ďz,adj,,
aglaz,-2000,ňąńßeg Īlos,adj,aglaz,1
aglaz,200,ňą…Ď…£l…Ďz,adj,,
ansijŇć,-2000,ňąńßensjeńß,noun,ansijŇć,1
ansijŇć,200,ňą…Ďnsij…Ēňź,noun,,
hagaz,-2000,k ≤oňąkos,adj,hagaz,1
hagaz,200,ňąx…Ď…£…Ďz,adj,,
stauraz,-2000,steńßuňąros,noun,stauraz,1
stauraz,200,ňąst…Ďwr…Ďz,noun,,
spŇćl«≠,-2000,ňąspeńßtleńß,noun,spŇćl«≠,1
spŇćl«≠,200,ňąsp…Ēňźl…ĒŐÉňź,noun,,
mńďraz,-2000,meňąŌáros,adj,mńďraz,1
mńďraz,200,ňąm…õňźr…Ďz,adj,,
√ĺeuhtńďr,-2000,tewkňąteňźr,noun,√ĺeuhtńďr,1
√ĺeuhtńďr,200,ňąőłŐ†ewxteňźr,noun,,
dŇęnaz,-2000,d Īuňąńßnos,noun,dŇęnaz,1
dŇęnaz,200,ňąduňźn…Ďz,noun,,
fru√ĺ«≠,-2000,ňąprutŌáeńß,noun,fru√ĺ«≠,1
fru√ĺ«≠,200,ňą…łruőłŐ†…ĒŐÉňź,noun,,
dragjŇć,-2000,ňąd Īrag Ījeńß,noun,dragjŇć,1
dragjŇć,200,ňądr…Ď…£j…Ēňź,noun,,
snau√ĺuz,-2000,ňąksnewtus,adj,snau√ĺuz,1
snau√ĺuz,200,ňąsn…ĎwőłŐ†uz,adj,,
fadurban√ī,-2000,ňąpńßtrŐ©g ∑ Īonoňź,noun,fadurban√ī,1
fadurban√ī,200,ňą…ł…Ď√įŐ†urňĆb…Ďn…Ēňźňź,noun,,
an√ĺńÖ,-2000,ňąńßenŌátom,noun,an√ĺńÖ,1
an√ĺńÖ,200,ňą…ĎnőłŐ†…ĎŐÉ,noun,,
hahtuz,-2000,ňąk ∑ok ≤tus,noun,hahtuz,1
hahtuz,200,ňąx…Ďxtuz,noun,,
bardŇć,-2000,ňąb Īorsd Īos,noun,bardŇć,1
bardŇć,200,ňąbar√įŐ†oňź,noun,,
lawwŇć,-2000,lowňąŌáeńß,noun,lawwŇć,1
lawwŇć,200,ňąl…Ďww…Ēňź,noun,,
wulbńę,-2000,wlŐ©ňąpińß,noun,wulbńę,1
wulbńę,900,ňąwylf,noun,,
skaibaz,-2000,skojňąpos,adj,skaibaz,1
skaibaz,900,ňą É…Ďňźffoňźt,adj,,
hajaz,-2000,ňąkeŌájos,noun,hajaz,1
hajaz,200,ňąx…Ďj…Ďz,noun,,
skaudŇć,-2000,ňąskowd Īeńß,noun,skaudŇć,1
skaudŇć,200,ňąsk…Ďwd…Ēňź,noun,,
wahtaz,-2000,ňąwok ∑tos,noun,wahtaz,1
wahtaz,200,ňąw…Ďxt…Ďz,noun,,
glńďmaz,-2000,g ≤ ĪleňąŌámos,noun,glńďmaz,1
glńďmaz,900,ňągloňźm,noun,,
